{"L7_Blue": [[1.1070469617843628, 4.219764232635498, 8.547021865844727, 11.125370979309082, 11.808460235595703, 11.841894149780273, 11.74080753326416, 11.642162322998047, 11.414206504821777, 11.024639129638672, 10.696831703186035, 10.595602035522461, 10.473869323730469, 10.13355827331543, 9.751544952392578, 8.394966125488281, 5.1229329109191895, 1.7973554134368896, 0.3198717534542084, 0.027113577350974083, 0.0010386232752352953, 1.6776240954641253e-05, 1.0619412904588899e-07], [6, 7, 8, 9, 10, 11, 12, 13, 14, 15, 16, 17, 18, 19, 20, 21, 22, 23, 24, 25, 26, 27, 28]], "L7_Green": [[9.3101020226527e-09, 1.22389701573411e-06, 6.046588168828748e-05, 0.001209067995660007, 0.011177055537700653, 0.05843466520309448, 0.21600420773029327, 0.6765996813774109, 1.9398446083068848, 4.620745658874512, 8.06653118133545, 10.463591575622559, 11.441266059875488, 11.676469802856445, 11.570761680603027, 11.421926498413086, 11.32520580291748, 11.3353271484375, 11.407061576843262, 11.40847396850586, 11.372172355651855, 11.275680541992188, 10.955069541931152, 10.296005249023438, 9.256251335144043, 7.431899547576904, 4.584539890289307, 1.9097317457199097, 0.5205590724945068, 0.09824302792549133], [24, 25, 26, 27, 28, 29, 30, 31, 32, 33, 34, 35, 36, 37, 38, 39, 40, 41, 42, 43, 44, 45, 46, 47, 48, 49, 50, 51, 52, 53]], "L7_Red": [[1.046754168261034e-13, 1.1627921542300967e-10, 4.5046416374816545e-08, 6.2178783082345035e-06, 0.0003192323783878237, 0.006696388125419617, 0.06927549839019775, 0.4474082589149475, 1.9324407577514648, 5.199167251586914, 8.835223197937012, 10.905508041381836, 11.621649742126465, 11.823283195495605, 11.820905685424805, 11.675936698913574, 11.528060913085938, 11.486455917358398, 11.41111946105957, 11.171650886535645, 10.296770095825195, 7.630127906799316, 3.7272374629974365, 1.0550647974014282, 0.16509069502353668, 0.01501961424946785, 0.0010012075072154403, 5.659087764797732e-05, 1.8617853356772684e-06, 2.477183613791567e-08, 1.1590815113260433e-10, 1.8212949865707012e-13], [40, 41, 42, 43, 44, 45, 46, 47, 48, 49, 50, 51, 52, 53, 54, 55, 56, 57, 58, 59, 60, 61, 62, 63, 64, 65, 66, 67, 68, 69, 70, 71]], "L7_NIR": [[5.764795585339044e-11, 2.3765220902305373e-08, 3.388457344044582e-06, 0.00017219952133018523, 0.003323977580294013, 0.028269724920392036, 0.1465211659669876, 0.6630951762199402, 2.4557623863220215, 5.880011558532715, 8.850340843200684, 10.070794105529785, 10.79915714263916, 11.441171646118164, 11.739645957946777, 11.796051025390625, 11.770306587219238, 11.666930198669434, 11.423201560974121, 11.177144050598145, 11.147825241088867, 11.292953491210938, 11.415182113647461, 11.43360424041748, 11.302505493164062, 11.036416053771973, 10.844489097595215, 10.849928855895996, 10.928032875061035, 10.964560508728027, 10.938689231872559, 10.78092098236084, 10.277514457702637, 8.944184303283691, 6.5356059074401855, 3.8219919204711914, 1.8424278497695923, 0.8007992506027222, 0.31693127751350403, 0.10181241482496262, 0.029796481132507324, 0.008569118566811085, 0.0015833387151360512], [70, 71, 72, 73, 74, 75, 76, 77, 78, 79, 80, 81, 82, 83, 84, 85, 86, 87, 88, 89, 90, 91, 92, 93, 94, 95, 96, 97, 98, 99, 100, 101, 102, 103, 104, 105, 106, 107, 108, 109, 110, 111, 112]], "L7_SWIR1": [[0.0, 0.0, 0.0, 0.0, 4.764414778704378e-44, 4.982264561604014e-38, 1.7518030845791673e-32, 2.0583568873633022e-27, 8.116507181196123e-23, 1.078777935618688e-18, 4.855688367935793e-15, 7.446787110565456e-12, 3.924022884405076e-09, 7.187995265667269e-07, 4.669822737923823e-05, 0.001117974054068327, 0.010665742680430412, 0.04720683768391609, 0.12165530025959015, 0.22880516946315765, 0.3729841411113739, 0.5846914649009705, 0.9447915554046631, 1.5951526165008545, 2.6790404319763184, 4.263523578643799, 6.222045421600342, 8.241592407226562, 9.952519416809082, 11.07594108581543, 11.638437271118164, 11.874999046325684, 11.979670524597168, 12.032155990600586, 12.07653522491455, 12.10724925994873, 12.061575889587402, 11.922460556030273, 11.754411697387695, 11.616569519042969, 11.536224365234375, 11.498605728149414, 11.477594375610352, 11.504499435424805, 11.589971542358398, 11.670907020568848, 11.744989395141602, 11.78261661529541, 11.7521333694458, 11.664271354675293, 11.52606201171875, 11.344882011413574, 11.155305862426758, 10.989486694335938, 10.833609580993652, 10.734131813049316, 10.735121726989746, 10.792789459228516, 10.9015531539917, 10.992566108703613, 10.953487396240234, 10.68766975402832, 10.17418098449707, 9.46666431427002, 8.608330726623535, 7.543941497802734, 6.157013893127441, 4.455253601074219, 2.779508113861084, 1.5347501039505005, 0.7825025916099548, 0.3652404844760895, 0.1511373221874237], [227, 228, 229, 230, 231, 232, 233, 234, 235, 236, 237, 238, 239, 240, 241, 242, 243, 244, 245, 246, 247, 248, 249, 250, 251, 252, 253, 254, 255, 256, 257, 258, 259, 260, 261, 262, 263, 264, 265, 266, 267, 268, 269, 270, 271, 272, 273, 274, 275, 276, 277, 278, 279, 280, 281, 282, 283, 284, 285, 286, 287, 288, 289, 290, 291, 292, 293, 294, 295, 296, 297, 298, 299]], "L7_SWIR2": [[0.0015018571866676211, 0.007280386984348297, 0.019072579219937325, 0.050556812435388565, 0.11815959215164185, 0.2124186009168625, 0.3858814239501953, 0.7721394896507263, 1.547571063041687, 2.9731929302215576, 5.1947550773620605, 7.8390960693359375, 10.063011169433594, 11.281261444091797, 11.661559104919434, 11.770282745361328, 11.952497482299805, 12.218371391296387, 12.44367504119873, 12.543498992919922, 12.534966468811035, 12.469500541687012, 12.369718551635742, 12.240209579467773, 12.103631973266602, 11.965250015258789, 11.835081100463867, 11.666570663452148, 11.442049980163574, 11.230619430541992, 11.057326316833496, 10.898202896118164, 10.783312797546387, 10.751567840576172, 10.788098335266113, 10.861720085144043, 10.945981979370117, 11.020931243896484, 11.074438095092773, 11.091670036315918, 11.08396053314209, 11.112449645996094, 11.19392204284668, 11.286446571350098, 11.340253829956055, 11.351799011230469, 11.347053527832031, 11.336257934570312, 11.310283660888672, 11.28922176361084, 11.291816711425781, 11.300098419189453, 11.279884338378906, 11.203933715820312, 11.083122253417969, 10.936141014099121, 10.779508590698242, 10.625199317932129, 10.44450855255127, 10.250287055969238, 10.135704040527344, 10.142934799194336, 10.202595710754395, 10.175642013549805, 9.876827239990234, 9.070517539978027, 7.654052734375, 5.863855361938477, 4.1347784996032715, 2.726776599884033, 1.7137376070022583, 1.0687144994735718, 0.6727700233459473, 0.41388487815856934, 0.24004067480564117, 0.13109397888183594, 0.06210928037762642, 0.022387923672795296, 0.00908625591546297], [324, 325, 326, 327, 328, 329, 330, 331, 332, 333, 334, 335, 336, 337, 338, 339, 340, 341, 342, 343, 344, 345, 346, 347, 348, 349, 350, 351, 352, 353, 354, 355, 356, 357, 358, 359, 360, 361, 362, 363, 364, 365, 366, 367, 368, 369, 370, 371, 372, 373, 374, 375, 376, 377, 378, 379, 380, 381, 382, 383, 384, 385, 386, 387, 388, 389, 390, 391, 392, 393, 394, 395, 396, 397, 398, 399, 400, 401, 402]]}