{"S2A_B1": [[4.219167232513428, 8.37938404083252, 10.304181098937988, 9.378811836242676, 6.224254608154297, 2.4319515228271484, 0.4653688073158264, 0.06109385937452316], [7, 8, 9, 10, 11, 12, 13, 14]], "S2A_B2": [[1.2644532918930054, 4.461841106414795, 8.5049409866333, 10.358805656433105, 10.759663581848145, 11.233935356140137, 11.43270492553711, 11.057230949401855, 10.399702072143555, 10.30884838104248, 10.67630672454834, 10.73471736907959, 10.276308059692383, 8.895133018493652, 5.987094402313232, 2.503551721572876, 0.6651695370674133, 0.26827600598335266, 0.18049664795398712], [12, 13, 14, 15, 16, 17, 18, 19, 20, 21, 22, 23, 24, 25, 26, 27, 28, 29, 30]], "S2A_B3": [[2.7869620323181152, 6.408716678619385, 8.908814430236816, 10.143256187438965, 10.905752182006836, 10.834092140197754, 10.181242942810059, 8.090933799743652, 4.100663661956787], [32, 33, 34, 35, 36, 37, 38, 39, 40]], "S2A_B4": [[3.9545295238494873, 8.28292465209961, 10.434697151184082, 10.335010528564453, 10.165757179260254, 10.283394813537598, 8.180601119995117, 3.7198102474212646], [53, 54, 55, 56, 57, 58, 59, 60]], "S2A_B5": [[4.856625080108643, 8.83351993560791, 9.30295181274414, 5.608398914337158], [63, 64, 65, 66]], "S2A_B6": [[6.023594379425049, 9.468989372253418, 8.436440467834473, 4.15617036819458], [70, 71, 72, 73]], "S2A_B7": [[3.3575239181518555, 7.099361419677734, 9.480182647705078, 9.81698226928711, 7.13975715637207], [78, 79, 80, 81, 82]], "S2A_B8": [[1.078735589981079, 2.827242136001587, 4.424368381500244, 5.366593360900879, 6.055290222167969, 6.347114562988281, 6.340320110321045, 6.342324256896973, 6.493309020996094, 6.907498836517334, 7.612338066101074, 8.448646545410156, 9.046481132507324, 9.08158016204834, 8.727065086364746, 8.529887199401855, 8.680943489074707, 9.203933715820312, 10.116947174072266, 11.026922225952148, 11.489986419677734, 11.536603927612305, 11.352314949035645, 10.530718803405762, 7.801064491271973, 3.763576030731201, 1.050786018371582, 0.17380914092063904, 0.03506699576973915], [76, 77, 78, 79, 80, 81, 82, 83, 84, 85, 86, 87, 88, 89, 90, 91, 92, 93, 94, 95, 96, 97, 98, 99, 100, 101, 102, 103, 104]], "S2A_B8A": [[2.5594089031219482, 6.932397365570068, 10.468429565429688, 11.22854995727539, 9.548154830932617, 5.490729331970215, 1.7125970125198364, 0.26131805777549744, 0.023124251514673233], [91, 92, 93, 94, 95, 96, 97, 98, 99]], "S2A_B9": [[4.667428016662598, 8.993325233459473, 10.996794700622559, 10.14102840423584, 6.407620906829834, 2.1811723709106445], [110, 111, 112, 113, 114, 115]], "S2A_B10": [[0.000986431143246591, 0.012634778395295143, 0.1696319878101349, 1.1854485273361206, 4.168135166168213, 8.143155097961426, 10.678114891052246, 11.566667556762695, 11.511407852172852, 10.127503395080566, 6.629364013671875, 2.597970485687256, 0.5229676365852356, 0.05206475034356117, 0.0034964168444275856], [191, 192, 193, 194, 195, 196, 197, 198, 199, 200, 201, 202, 203, 204, 205]], "S2A_B11": [[0.010002408176660538, 0.06585682183504105, 0.3922261893749237, 1.7149070501327515, 4.7593183517456055, 8.439456939697266, 10.743057250976562, 11.6156644821167, 11.93492603302002, 12.021471977233887, 11.956710815429688, 11.830195426940918, 11.78150749206543, 11.853734970092773, 11.925704002380371, 11.915828704833984, 11.866876602172852, 11.78786849975586, 11.652315139770508, 11.421697616577148, 10.946735382080078, 9.672330856323242, 6.838177680969238, 3.3593735694885254, 1.1097114086151123, 0.2625297009944916, 0.048447951674461365, 0.007902529090642929], [232, 233, 234, 235, 236, 237, 238, 239, 240, 241, 242, 243, 244, 245, 246, 247, 248, 249, 250, 251, 252, 253, 254, 255, 256, 257, 258, 259]], "S2A_B12": [[0.12000617384910583, 0.26996245980262756, 0.493557333946228, 0.9191012382507324, 1.7996515035629272, 3.382477045059204, 5.603968620300293, 7.926734447479248, 9.754715919494629, 10.968565940856934, 11.789666175842285, 12.351088523864746, 12.63530158996582, 12.644904136657715, 12.492292404174805, 12.343805313110352, 12.303230285644531, 12.343101501464844, 12.3543119430542, 12.259176254272461, 12.083370208740234, 11.922821044921875, 11.853947639465332, 11.915163040161133, 12.047639846801758, 12.12289810180664, 12.099336624145508, 12.004081726074219, 11.878816604614258, 11.781311988830566, 11.74033260345459, 11.712743759155273, 11.623247146606445, 11.460583686828613, 11.2781400680542, 11.065094947814941, 10.690170288085938, 10.049233436584473, 9.202641487121582, 8.296226501464844, 7.30684757232666, 5.929533958435059, 4.056776523590088, 2.210789918899536, 0.9813724756240845, 0.40216538310050964, 0.18050095438957214, 0.08647145330905914], [339, 340, 341, 342, 343, 344, 345, 346, 347, 348, 349, 350, 351, 352, 353, 354, 355, 356, 357, 358, 359, 360, 361, 362, 363, 364, 365, 366, 367, 368, 369, 370, 371, 372, 373, 374, 375, 376, 377, 378, 379, 380, 381, 382, 383, 384, 385, 386]]}