{"Blue_SatID_0c_0d": [[0.20018982887268066, 0.29346638917922974, 0.3179571032524109, 0.32012176513671875, 0.3200725018978119, 0.3199521601200104, 0.31983157992362976, 0.3197121322154999, 0.31959378719329834, 0.31947654485702515, 0.3193604648113251, 0.31924495100975037, 0.3191305696964264, 0.3190178871154785, 0.3189057409763336, 0.31879472732543945, 0.31868427991867065, 0.31857553124427795, 0.3184678852558136, 0.318360835313797, 0.31825488805770874, 0.3181501030921936, 0.3180514872074127, 0.31822988390922546, 0.32383933663368225, 0.36903220415115356, 0.5272380113601685, 0.8375951051712036, 1.2982194423675537, 1.8587491512298584, 2.4187591075897217, 2.9889445304870605, 3.7018673419952393, 4.599895000457764, 5.614535808563232, 6.655552864074707, 7.606097221374512, 8.42532730102539, 9.142321586608887, 9.776097297668457, 10.330050468444824, 10.803871154785156, 11.189468383789062, 11.429728507995605, 11.34272289276123, 10.41726016998291, 7.852347373962402, 4.2550554275512695, 1.7244110107421875, 0.8323575854301453, 0.6282626986503601, 0.5544305443763733, 0.49943819642066956, 0.4458043873310089, 0.3813231587409973, 0.2677561938762665], [6, 7, 8, 9, 10, 11, 12, 13, 14, 15, 16, 17, 18, 19, 20, 21, 22, 23, 24, 25, 26, 27, 28, 29, 30, 31, 32, 33, 34, 35, 36, 37, 38, 39, 40, 41, 42, 43, 44, 45, 46, 47, 48, 49, 50, 51, 52, 53, 54, 55, 56, 57, 58, 59, 60, 61]], "Green_SatID_0c_0d": [[0.5493276715278625, 0.7344246506690979, 0.7225441336631775, 0.6756097078323364, 0.5919464230537415, 0.46934494376182556, 0.3815307319164276, 0.3739849925041199, 0.44888898730278015, 0.5710384249687195, 0.6667621731758118, 0.744456946849823, 0.9117231965065002, 1.1994245052337646, 1.5478602647781372, 1.9861799478530884, 2.655587911605835, 3.5540084838867188, 4.495562553405762, 5.389191627502441, 6.254570484161377, 7.094539165496826, 7.873325824737549, 8.569245338439941, 9.180541038513184, 9.724824905395508, 10.240453720092773, 10.730420112609863, 11.153247833251953, 11.45094108581543, 11.545537948608398, 11.430839538574219, 11.174302101135254, 10.779715538024902, 10.18061351776123, 9.373794555664062, 8.441394805908203, 7.481950759887695, 6.627898693084717, 5.959462642669678, 5.508800029754639, 5.200835227966309, 4.839671611785889, 4.324708938598633, 3.641876220703125, 2.8089535236358643, 1.8751542568206787, 0.9492085576057434], [14, 15, 16, 17, 18, 19, 20, 21, 22, 23, 24, 25, 26, 27, 28, 29, 30, 31, 32, 33, 34, 35, 36, 37, 38, 39, 40, 41, 42, 43, 44, 45, 46, 47, 48, 49, 50, 51, 52, 53, 54, 55, 56, 57, 58, 59, 60, 61]], "Red_SatID_0c_0d": [[1.9780935049057007, 4.213283538818359, 6.206435203552246, 7.5540666580200195, 8.482419967651367, 9.158102035522461, 9.61972427368164, 9.913013458251953, 10.139471054077148, 10.355432510375977, 10.574155807495117, 10.818336486816406, 11.128023147583008, 11.463743209838867, 11.686006546020508, 11.75627613067627, 11.748178482055664, 11.623929023742676, 11.185277938842773, 10.27674674987793, 8.807783126831055, 6.906591415405273, 4.985762119293213, 3.354438066482544, 2.2342569828033447, 1.6424833536148071, 1.3857629299163818, 1.3120328187942505, 1.3018159866333008, 1.3009408712387085, 1.3005810976028442, 1.3002381324768066, 1.2999011278152466, 1.299756407737732, 1.303395390510559, 1.3342483043670654, 1.4355789422988892, 1.5856999158859253, 1.6874576807022095, 1.6898618936538696, 1.5958727598190308, 1.4765493869781494, 1.4691067934036255, 1.5537633895874023, 1.5472224950790405, 1.3953523635864258, 1.1578540802001953, 0.788677990436554], [16, 17, 18, 19, 20, 21, 22, 23, 24, 25, 26, 27, 28, 29, 30, 31, 32, 33, 34, 35, 36, 37, 38, 39, 40, 41, 42, 43, 44, 45, 46, 47, 48, 49, 50, 51, 52, 53, 54, 55, 56, 57, 58, 59, 60, 61, 62, 63]], "NIR_SatID_0c_0d": [[1.4410240650177002, 2.746676206588745, 3.9664695262908936, 5.066889762878418, 5.966897964477539, 6.653474807739258, 7.24267578125, 7.750334739685059, 8.07099723815918, 8.247766494750977, 8.5236234664917, 8.929073333740234, 9.233631134033203, 9.4093656539917, 9.695749282836914, 10.178682327270508, 10.727934837341309, 11.148737907409668, 11.139445304870605, 10.432180404663086, 8.810233116149902, 6.651484966278076, 5.070150852203369, 4.406619548797607, 4.126795768737793, 3.9042375087738037, 3.6848304271698, 3.4655678272247314, 3.2463812828063965, 3.0272860527038574, 2.808260202407837, 2.589318037033081, 2.3704516887664795, 2.1516566276550293, 1.9329382181167603, 1.7144665718078613, 1.4997828006744385, 1.3127087354660034, 1.2009575366973877, 1.1665221452713013, 1.1619099378585815, 1.1615492105484009, 1.161407470703125, 1.1612759828567505, 1.161146640777588, 1.161021113395691, 1.1608457565307617, 1.1580123901367188, 1.1129742860794067, 0.8628655076026917], [50, 51, 52, 53, 54, 55, 56, 57, 58, 59, 60, 61, 62, 63, 64, 65, 66, 67, 68, 69, 70, 71, 72, 73, 74, 75, 76, 77, 78, 79, 80, 81, 82, 83, 84, 85, 86, 87, 88, 89, 90, 91, 92, 93, 94, 95, 96, 97, 98, 99]]}