{"S2B_B1": [[4.317981243133545, 8.705408096313477, 10.922245025634766, 10.345295906066895, 7.2217512130737305, 2.9834752082824707, 0.6159876585006714, 0.09795062243938446, 0.05421236529946327], [6, 7, 8, 9, 10, 11, 12, 13, 14]], "S2B_B2": [[1.7721407413482666, 5.433023929595947, 9.429466247558594, 11.051250457763672, 11.129894256591797, 11.275574684143066, 11.586307525634766, 11.530714988708496, 11.035547256469727, 10.730491638183594, 10.835404396057129, 10.932284355163574, 10.661837577819824, 9.295005798339844, 6.0308146476745605, 2.3349242210388184, 0.5476666688919067, 0.18862499296665192, 0.11927413195371628], [12, 13, 14, 15, 16, 17, 18, 19, 20, 21, 22, 23, 24, 25, 26, 27, 28, 29, 30]], "S2B_B3": [[3.0505478382110596, 6.958617210388184, 9.564505577087402, 10.557356834411621, 11.182071685791016, 11.300592422485352, 10.703154563903809, 8.50412654876709, 4.340611934661865, 1.1336227655410767], [31, 32, 33, 34, 35, 36, 37, 38, 39, 40]], "S2B_B4": [[3.14990496635437, 7.490530490875244, 10.591410636901855, 11.39652156829834, 11.135351181030273, 10.461121559143066, 8.296923637390137, 4.149448871612549], [53, 54, 55, 56, 57, 58, 59, 60]], "S2B_B5": [[4.749175071716309, 8.906498908996582, 9.590011596679688, 6.007797718048096], [63, 64, 65, 66]], "S2B_B6": [[5.706185340881348, 9.34595775604248, 8.64896297454834, 4.484079360961914], [70, 71, 72, 73]], "S2B_B7": [[3.6295714378356934, 7.821214199066162, 10.470831871032715, 10.529799461364746, 7.618168830871582, 3.1843252182006836], [77, 78, 79, 80, 81, 82]], "S2B_B8": [[0.8618414402008057, 2.474138021469116, 4.312497615814209, 5.459822654724121, 6.093443393707275, 6.4809465408325195, 6.705711841583252, 6.793585777282715, 6.831969261169434, 6.976043701171875, 7.354064464569092, 7.972378253936768, 8.609633445739746, 9.037495613098145, 9.175926208496094, 9.053189277648926, 8.86308765411377, 9.000255584716797, 9.524090766906738, 10.224998474121094, 10.887859344482422, 11.331375122070312, 11.48835563659668, 10.767321586608887, 7.984055995941162, 3.729153871536255], [79, 80, 81, 82, 83, 84, 85, 86, 87, 88, 89, 90, 91, 92, 93, 94, 95, 96, 97, 98, 99, 100, 101, 102, 103, 104]], "S2B_B8A": [[2.8195877075195312, 7.114417552947998, 10.42119312286377, 11.209918022155762, 9.510841369628906, 5.304722785949707], [94, 95, 96, 97, 98, 99]], "S2B_B9": [[3.8499767780303955, 8.106770515441895, 10.595935821533203, 10.350141525268555, 7.1053972244262695], [110, 111, 112, 113, 114]], "S2B_B10": [[0.0018572029657661915, 0.018951697275042534, 0.23842550814151764, 1.5350686311721802, 4.892856597900391, 8.74673080444336, 10.799589157104492, 11.4514741897583, 11.491413116455078, 10.194433212280273, 6.618546485900879, 2.569754123687744, 0.5253898501396179, 0.05508459359407425, 0.004089932888746262], [192, 193, 194, 195, 196, 197, 198, 199, 200, 201, 202, 203, 204, 205, 206]], "S2B_B11": [[0.021922534331679344, 0.13996854424476624, 0.7738141417503357, 2.815598249435425, 6.238075256347656, 9.121344566345215, 10.579682350158691, 11.382776260375977, 11.788092613220215, 11.907647132873535, 11.95966911315918, 11.9292631149292, 11.853288650512695, 11.870918273925781, 11.940902709960938, 11.932510375976562, 11.88247013092041, 11.873794555664062, 11.860129356384277, 11.809401512145996, 11.658024787902832, 10.78827953338623, 8.177264213562012, 4.346889495849609, 1.4774285554885864, 0.3242071866989136, 0.0532965213060379, 0.008720126003026962], [231, 232, 233, 234, 235, 236, 237, 238, 239, 240, 241, 242, 243, 244, 245, 246, 247, 248, 249, 250, 251, 252, 253, 254, 255, 256, 257, 258]], "S2B_B12": [[0.20031361281871796, 0.5041308403015137, 1.0581735372543335, 2.1220970153808594, 4.001928806304932, 6.667218208312988, 9.449915885925293, 11.457693099975586, 12.39789867401123, 12.628804206848145, 12.594151496887207, 12.510787963867188, 12.429251670837402, 12.366393089294434, 12.344544410705566, 12.370195388793945, 12.40966510772705, 12.422861099243164, 12.386399269104004, 12.310266494750977, 12.251687049865723, 12.212824821472168, 12.185004234313965, 12.200404167175293, 12.251770973205566, 12.306601524353027, 12.354321479797363, 12.401240348815918, 12.427607536315918, 12.412667274475098, 12.380056381225586, 12.355255126953125, 12.331829071044922, 12.303866386413574, 12.288697242736816, 12.27344036102295, 12.170475006103516, 11.940412521362305, 11.702387809753418, 11.451698303222656, 10.594040870666504, 8.384422302246094, 5.236963272094727, 2.5373151302337646, 1.0072615146636963, 0.3665493428707123, 0.1312054544687271], [337, 338, 339, 340, 341, 342, 343, 344, 345, 346, 347, 348, 349, 350, 351, 352, 353, 354, 355, 356, 357, 358, 359, 360, 361, 362, 363, 364, 365, 366, 367, 368, 369, 370, 371, 372, 373, 374, 375, 376, 377, 378, 379, 380, 381, 382, 383]]}