{"Blue_SatID_10_xx": [[6.160576820373535, 10.207210540771484, 11.595947265625, 11.742427825927734, 11.689114570617676, 11.605508804321289, 11.521970748901367, 11.454533576965332, 11.346394538879395, 10.759391784667969, 8.227551460266113, 3.7858119010925293], [16, 17, 18, 19, 20, 21, 22, 23, 24, 25, 26, 27]], "Green_SatID_10_xx": [[5.4710845947265625, 9.654621124267578, 11.26994514465332, 11.5315580368042, 11.619020462036133, 11.66633129119873, 11.411208152770996, 9.737292289733887, 5.68838357925415, 1.963713526725769, 0.6865682601928711, 0.37970128655433655], [30, 31, 32, 33, 34, 35, 36, 37, 38, 39, 40, 41]], "Red_SatID_10_xx": [[4.318551540374756, 8.48449993133545, 10.496732711791992, 11.012246131896973, 11.254274368286133, 11.17654037475586, 9.465322494506836, 5.1486334800720215], [53, 54, 55, 56, 57, 58, 59, 60]], "NIR_SatID_10_xx": [[2.9773292541503906, 6.346975326538086, 8.331884384155273, 9.123664855957031, 9.618432998657227, 9.99051570892334, 10.33150863647461, 10.519549369812012, 9.259882926940918, 5.224753379821777], [92, 93, 94, 95, 96, 97, 98, 99, 100, 101]]}