{"Blue_SatID_3K_3R_3S": [[7.375674247741699, 10.799482345581055, 11.651747703552246, 11.660244941711426, 11.577436447143555, 11.484018325805664, 11.299052238464355, 10.467794418334961, 7.9017133712768555, 4.011091232299805], [16, 17, 18, 19, 20, 21, 22, 23, 24, 25]], "Green_SatID_3K_3R_3S": [[7.190035343170166, 10.553303718566895, 11.459086418151855, 11.580682754516602, 11.222752571105957, 8.936327934265137], [34, 35, 36, 37, 38, 39]], "Red_SatID_3K_3R_3S": [[6.7358551025390625, 9.992616653442383, 10.952982902526855, 10.938182830810547, 9.900102615356445, 7.079953193664551], [54, 55, 56, 57, 58, 59]], "NIR_SatID_3K_3R_3S": [[2.678727865219116, 5.729648113250732, 8.114232063293457, 9.23316478729248, 9.758261680603027, 10.135177612304688, 10.178714752197266, 8.370558738708496], [94, 95, 96, 97, 98, 99, 100, 101]]}