{"Blue_SatID_0c_0d": [[0.0, 0.0, 0.0, 0.0, 0.0, 0.0, 0.0, 0.0, 0.0, 0.0, 0.0, 0.0, 0.0, 0.0, 0.0, 0.0, 0.0, 0.0, 0.0, 0.0, 0.0, 0.0, 0.0, 0.0, 0.0, 0.0, 0.0, 0.0, 0.0, 0.0, 0.0, 0.0, 0.0, 0.0, 0.0, 0.0, 0.0, 0.0, 0.0, 0.0, 0.0, 0.0, 0.0, 0.0, 0.0, 0.0, 0.0, 7.809436341682206e-42, 5.424735672419188e-36, 1.2750972785516422e-30, 1.0152535079605447e-25, 2.7424428019630125e-21, 2.517622132489666e-17, 7.891799870931096e-14, 8.506205462222027e-11, 3.1874030526068964e-08, 4.2286851567041595e-06, 0.00020458927610889077, 0.0037956121377646923, 0.029344867914915085, 0.1072835624217987, 0.21793825924396515, 0.29382020235061646, 0.31790924072265625, 0.32111209630966187, 0.32101282477378845, 0.3172569274902344, 0.2911338806152344, 0.21235860884189606, 0.10173393040895462, 0.026773545891046524, 0.003289677668362856, 0.00016613105253782123, 3.1706199479231145e-06, 2.1711327846674067e-08, 5.166316680016436e-11, 4.189540492413775e-14, 8.727862725078916e-14, 9.588774912971942e-11, 3.619330257720321e-08, 4.783638814842561e-06, 0.0002283663779962808, 0.004149476997554302, 0.03128857538104057, 0.11158278584480286, 0.22238363325595856, 0.30333223938941956, 0.38126054406166077, 0.5615073442459106, 0.8931353688240051, 1.3737645149230957, 1.9430121183395386, 2.5052051544189453, 3.0916876792907715, 3.835165500640869, 4.75954532623291, 5.792206764221191, 6.83767557144165, 7.781914234161377, 8.596489906311035, 9.311300277709961, 9.9434175491333, 10.494877815246582, 10.965612411499023, 11.343600273132324, 11.560234069824219, 11.404951095581055, 10.299370765686035, 7.509022235870361, 3.915851593017578, 1.5715570449829102, 0.7475587129592896, 0.43137720227241516, 0.18778817355632782, 0.05034978687763214, 0.03914767503738403, 0.11326667666435242, 0.19309906661510468, 0.17857827246189117, 0.08875143527984619, 0.022153940051794052, 0.0024800109677016735, 0.0001116130079026334, 1.8689029275265057e-06], [0, 1, 2, 3, 4, 5, 6, 7, 8, 9, 10, 11, 12, 13, 14, 15, 16, 17, 18, 19, 20, 21, 22, 23, 24, 25, 26, 27, 28, 29, 30, 31, 32, 33, 34, 35, 36, 37, 38, 39, 40, 41, 42, 43, 44, 45, 46, 47, 48, 49, 50, 51, 52, 53, 54, 55, 56, 57, 58, 59, 60, 61, 62, 63, 64, 65, 66, 67, 68, 69, 70, 71, 72, 73, 74, 75, 76, 77, 78, 79, 80, 81, 82, 83, 84, 85, 86, 87, 88, 89, 90, 91, 92, 93, 94, 95, 96, 97, 98, 99, 100, 101, 102, 103, 104, 105, 106, 107, 108, 109, 110, 111, 112, 113, 114, 115, 116, 117, 118, 119, 120, 121, 122, 123]], "Green_SatID_0c_0d": [[0.0, 0.0, 0.0, 0.0, 0.0, 0.0, 0.0, 0.0, 0.0, 0.0, 0.0, 0.0, 0.0, 0.0, 0.0, 0.0, 0.0, 0.0, 0.0, 0.0, 0.0, 0.0, 0.0, 0.0, 0.0, 0.0, 0.0, 0.0, 0.0, 0.0, 0.0, 0.0, 0.0, 0.0, 0.0, 0.0, 0.0, 0.0, 0.0, 0.0, 0.0, 0.0, 0.0, 0.0, 0.0, 0.0, 0.0, 2.545038270906733e-41, 1.7680620288239493e-35, 4.155872820552496e-30, 3.3089744419675222e-25, 8.938331945695454e-21, 8.205583369178261e-17, 2.572142260466592e-13, 2.772392593275441e-10, 1.03885646751678e-07, 1.3782288988295477e-05, 0.000666774925775826, 0.012366301380097866, 0.09542093425989151, 0.34555938839912415, 0.678635835647583, 0.8420295119285583, 0.8014858365058899, 0.7266265153884888, 0.6724765300750732, 0.5816326141357422, 0.458664208650589, 0.3791649341583252, 0.3819192349910736, 0.4660260081291199, 0.5890631079673767, 0.6802070736885071, 0.7642594575881958, 0.9490448832511902, 1.2490795850753784, 1.6069471836090088, 2.0706257820129395, 2.7792599201202393, 3.6997029781341553, 4.644993305206299, 5.542373180389404, 6.414098262786865, 7.257077693939209, 8.034420013427734, 8.727775573730469, 9.33662223815918, 9.882657051086426, 10.402690887451172, 10.893324851989746, 11.309893608093262, 11.591036796569824, 11.660635948181152, 11.526724815368652, 11.254043579101562, 10.8350830078125, 10.203272819519043, 9.369848251342773, 8.419821739196777, 7.457847595214844, 6.615560054779053, 5.966068267822266, 5.5351481437683105, 5.225901126861572, 4.843865394592285, 4.302919864654541, 3.592097759246826, 2.735506296157837, 1.7969691753387451, 0.9323951005935669, 0.3696812391281128, 0.11687465012073517, 0.025394681841135025, 0.0027947595808655024, 0.00012717320350930095, 2.1645666947733844e-06, 1.308433095204009e-08, 2.7244529549053098e-11, 1.9167906668902772e-14, 4.503325523922924e-18, 3.502427056162513e-22, 8.964457400676138e-27, 7.522774168885342e-32, 2.06192459447632e-37], [0, 1, 2, 3, 4, 5, 6, 7, 8, 9, 10, 11, 12, 13, 14, 15, 16, 17, 18, 19, 20, 21, 22, 23, 24, 25, 26, 27, 28, 29, 30, 31, 32, 33, 34, 35, 36, 37, 38, 39, 40, 41, 42, 43, 44, 45, 46, 47, 48, 49, 50, 51, 52, 53, 54, 55, 56, 57, 58, 59, 60, 61, 62, 63, 64, 65, 66, 67, 68, 69, 70, 71, 72, 73, 74, 75, 76, 77, 78, 79, 80, 81, 82, 83, 84, 85, 86, 87, 88, 89, 90, 91, 92, 93, 94, 95, 96, 97, 98, 99, 100, 101, 102, 103, 104, 105, 106, 107, 108, 109, 110, 111, 112, 113, 114, 115, 116, 117, 118, 119, 120, 121, 122, 123]], "Red_SatID_0c_0d": [[0.0, 0.0, 0.0, 0.0, 0.0, 0.0, 0.0, 0.0, 0.0, 0.0, 0.0, 0.0, 0.0, 0.0, 0.0, 0.0, 0.0, 0.0, 0.0, 0.0, 0.0, 0.0, 0.0, 0.0, 0.0, 0.0, 0.0, 0.0, 0.0, 0.0, 0.0, 0.0, 0.0, 0.0, 0.0, 0.0, 0.0, 0.0, 0.0, 0.0, 0.0, 0.0, 0.0, 0.0, 0.0, 1.1143125388310945e-41, 7.654525195474068e-36, 1.7829548486153652e-30, 1.4086793955120582e-25, 3.778100595809071e-21, 3.4499860391182016e-17, 1.0773859289523596e-13, 1.1579173730957848e-10, 4.332078162860853e-08, 5.7454908528598025e-06, 0.0002786112017929554, 0.00524097727611661, 0.043659552931785583, 0.21433709561824799, 0.8234922289848328, 2.343958616256714, 4.529346466064453, 6.43875789642334, 7.733335494995117, 8.63577651977539, 9.292059898376465, 9.73517894744873, 10.019896507263184, 10.247106552124023, 10.466229438781738, 10.689676284790039, 10.943734169006348, 11.265177726745605, 11.598267555236816, 11.80446720123291, 11.864896774291992, 11.850171089172363, 11.699124336242676, 11.207236289978027, 10.228498458862305, 8.682303428649902, 6.742828845977783, 4.827273845672607, 3.2317891120910645, 2.1683669090270996, 1.6184661388397217, 1.3865679502487183, 1.3239433765411377, 1.3159337043762207, 1.3153754472732544, 1.3152052164077759, 1.3150469064712524, 1.3148977756500244, 1.3150750398635864, 1.3205631971359253, 1.3587968349456787, 1.4703210592269897, 1.6208029985427856, 1.7129849195480347, 1.7035675048828125, 1.6006088256835938, 1.488430142402649, 1.4975669384002686, 1.579917311668396, 1.5546433925628662, 1.392079472541809, 1.1738489866256714, 0.9155556559562683, 0.5888811349868774, 0.25913912057876587, 0.0634058266878128, 0.007177089340984821, 0.00032920483499765396, 5.631401108985301e-06, 3.42051116319908e-08, 7.154560277555788e-11, 5.059858714201275e-14, 1.1946902585473762e-17, 9.333891087867376e-22, 2.4006978683259332e-26, 2.023465177553494e-31, 5.571366288162713e-37, 5.002635517639597e-43, 0.0], [0, 1, 2, 3, 4, 5, 6, 7, 8, 9, 10, 11, 12, 13, 14, 15, 16, 17, 18, 19, 20, 21, 22, 23, 24, 25, 26, 27, 28, 29, 30, 31, 32, 33, 34, 35, 36, 37, 38, 39, 40, 41, 42, 43, 44, 45, 46, 47, 48, 49, 50, 51, 52, 53, 54, 55, 56, 57, 58, 59, 60, 61, 62, 63, 64, 65, 66, 67, 68, 69, 70, 71, 72, 73, 74, 75, 76, 77, 78, 79, 80, 81, 82, 83, 84, 85, 86, 87, 88, 89, 90, 91, 92, 93, 94, 95, 96, 97, 98, 99, 100, 101, 102, 103, 104, 105, 106, 107, 108, 109, 110, 111, 112, 113, 114, 115, 116, 117, 118, 119, 120, 121, 122, 123]],