{"L8_Coastal": [[1.4183109998703003, 5.050726413726807, 9.317645072937012, 10.538288116455078, 7.793622970581055, 3.3010618686676025], [10, 11, 12, 13, 14, 15]], "L8_Blue": [[0.033424101769924164, 0.4455086588859558, 2.6033904552459717, 7.031785011291504, 10.542797088623047, 11.5986967086792, 11.738791465759277, 11.721839904785156, 11.521857261657715, 11.121553421020508, 10.671216011047363, 10.483023643493652, 10.552029609680176, 10.355690002441406, 8.620097160339355, 4.736032962799072, 1.3789218664169312, 0.19362065196037292, 0.01409051101654768], [11, 12, 13, 14, 15, 16, 17, 18, 19, 20, 21, 22, 23, 24, 25, 26, 27, 28, 29]], "L8_Green": [[0.002457542112097144, 0.08656203746795654, 0.8057458996772766, 3.4760067462921143, 7.760683059692383, 10.715085983276367, 11.5774564743042, 11.682281494140625, 11.660496711730957, 11.59485149383545, 11.582612991333008, 11.671720504760742, 11.677892684936523, 11.33751392364502, 9.789830207824707, 6.0874409675598145, 2.21307635307312, 0.44103196263313293, 0.05707096308469772], [27, 28, 29, 30, 31, 32, 33, 34, 35, 36, 37, 38, 39, 40, 41, 42, 43, 44, 45]], "L8_Red": [[0.009375344030559063, 0.20511086285114288, 1.5656161308288574, 5.350462436676025, 9.52202033996582, 11.351041793823242, 11.654240608215332, 11.603076934814453, 11.517552375793457, 10.950241088867188, 8.485157012939453, 4.155324935913086, 1.0444450378417969], [49, 50, 51, 52, 53, 54, 55, 56, 57, 58, 59, 60, 61]], "L8_NIR": [[0.005936348810791969, 0.06850229948759079, 0.5545608401298523, 2.6010665893554688, 6.596615314483643, 9.956443786621094, 11.156303405761719, 11.38197135925293, 10.787830352783203, 8.042791366577148, 3.7660019397735596, 0.9663115739822388, 0.1407724767923355, 0.01532788947224617], [90, 91, 92, 93, 94, 95, 96, 97, 98, 99, 100, 101, 102, 103]], "L8_SWIR1": [[0.0037042058538645506, 0.011755661107599735, 0.029816526919603348, 0.07005591690540314, 0.1632481813430786, 0.38513317704200745, 0.9077407121658325, 2.042996644973755, 4.1009111404418945, 6.902614593505859, 9.546123504638672, 11.193930625915527, 11.829236030578613, 11.901812553405762, 11.793988227844238, 11.684494972229004, 11.615519523620605, 11.56253433227539, 11.497082710266113, 11.40703010559082, 11.290907859802246, 11.20780086517334, 11.119272232055664, 10.75123405456543, 9.686765670776367, 7.711435794830322, 5.2220635414123535, 3.0066449642181396, 1.530867576599121, 0.7296485900878906, 0.34164300560951233, 0.1633663922548294, 0.08114565163850784, 0.040758054703474045, 0.019421162083745003, 0.007796206511557102], [227, 228, 229, 230, 231, 232, 233, 234, 235, 236, 237, 238, 239, 240, 241, 242, 243, 244, 245, 246, 247, 248, 249, 250, 251, 252, 253, 254, 255, 256, 257, 258, 259, 260, 261, 262]], "L8_SWIR2": [[0.0006239202921278775, 0.004612445365637541, 0.013000806793570518, 0.027453457936644554, 0.05242263153195381, 0.09690941125154495, 0.1797962188720703, 0.34142518043518066, 0.666378915309906, 1.3180001974105835, 2.5396957397460938, 4.517947673797607, 7.06508207321167, 9.50132942199707, 11.165502548217773, 11.99008560180664, 12.328059196472168, 12.482307434082031, 12.595025062561035, 12.688279151916504, 12.71871566772461, 12.66281795501709, 12.540579795837402, 12.409708976745605, 12.326607704162598, 12.298213005065918, 12.30359935760498, 12.336097717285156, 12.368975639343262, 12.340433120727539, 12.232600212097168, 12.116896629333496, 12.06893253326416, 12.097928047180176, 12.16687297821045, 12.217280387878418, 12.23278522491455, 12.257564544677734, 12.302412986755371, 12.336830139160156, 12.35287857055664, 12.356902122497559, 12.329012870788574, 12.243395805358887, 12.06251335144043, 11.735998153686523, 11.167558670043945, 10.1648588180542, 8.592239379882812, 6.589400768280029, 4.545548439025879, 2.8483073711395264, 1.6659481525421143, 0.9436193108558655, 0.5340994000434875, 0.3063611090183258, 0.17790162563323975, 0.10374418646097183, 0.0604461207985878, 0.03503693267703056, 0.019793670624494553, 0.010410535149276257, 0.004705816973000765], [331, 332, 333, 334, 335, 336, 337, 338, 339, 340, 341, 342, 343, 344, 345, 346, 347, 348, 349, 350, 351, 352, 353, 354, 355, 356, 357, 358, 359, 360, 361, 362, 363, 364, 365, 366, 367, 368, 369, 370, 371, 372, 373, 374, 375, 376, 377, 378, 379, 380, 381, 382, 383, 384, 385, 386, 387, 388, 389, 390, 391, 392, 393]]}